{"cameraMode":{"drawMode":0,"name":"Shaded","section":"Shading Mode"},"sceneLighting":false,"audioPlay":false,"sceneViewState":{"showFog":true,"showMaterialUpdate":false,"showSkybox":false,"showFlares":true,"showImageEffects":true,"showParticleSystems":true},"in2DMode":false,"pivot":{"x":-2.3704233169555666,"y":2.441490411758423,"z":-0.20735931396484376},"rotation":{"x":0.0446755550801754,"y":-0.002400668803602457,"z":-0.00010746936459327117,"w":-0.9990023970603943},"size":9.744988441467286,"orthographic":false}