{"cameraMode":{"drawMode":0,"name":"Shaded","section":"Shading Mode"},"sceneLighting":false,"audioPlay":false,"sceneViewState":{"showFog":true,"showMaterialUpdate":false,"showSkybox":false,"showFlares":true,"showImageEffects":true,"showParticleSystems":true},"in2DMode":false,"pivot":{"x":523.748779296875,"y":289.4929504394531,"z":0.0},"rotation":{"x":0.31492727994918826,"y":-0.009965500794351101,"z":0.00330681842751801,"w":0.9490580558776856},"size":602.8426513671875,"orthographic":true}