{"cameraMode":{"drawMode":0,"name":"Shaded","section":"Shading Mode"},"sceneLighting":false,"audioPlay":false,"sceneViewState":{"showFog":true,"showMaterialUpdate":false,"showSkybox":false,"showFlares":true,"showImageEffects":true,"showParticleSystems":true},"in2DMode":false,"pivot":{"x":135.98953247070313,"y":1.7173446416854859,"z":33.01870346069336},"rotation":{"x":0.31492727994918826,"y":-0.009965500794351101,"z":0.00330681842751801,"w":0.9490580558776856},"size":1.928834319114685,"orthographic":true}