{"cameraMode":{"drawMode":0,"name":"Shaded","section":"Shading Mode"},"sceneLighting":false,"audioPlay":false,"sceneViewState":{"showFog":true,"showMaterialUpdate":false,"showSkybox":false,"showFlares":true,"showImageEffects":true,"showParticleSystems":true},"in2DMode":false,"pivot":{"x":-59.53680419921875,"y":-0.36996591091156008,"z":25.916044235229493},"rotation":{"x":-0.006346782669425011,"y":-0.532778263092041,"z":-0.003995910752564669,"w":0.8462215065956116},"size":0.33702778816223147,"orthographic":false}